{"stats":{"minecraft:killed_by":{"minecraft:pillager":1},"minecraft:killed":{"minecraft:salmon":4,"minecraft:sheep":3,"minecraft:pillager":2,"minecraft:chicken":1,"minecraft:cow":6},"minecraft:custom":{"minecraft:interact_with_furnace":7,"minecraft:mob_kills":16,"minecraft:interact_with_crafting_table":16,"minecraft:bell_ring":1,"minecraft:leave_game":5,"minecraft:time_since_death":28707,"minecraft:sleep_in_bed":1,"minecraft:time_since_rest":28827,"minecraft:sprint_one_cm":146592,"minecraft:walk_one_cm":107335,"minecraft:damage_taken":848,"minecraft:drop":17,"minecraft:damage_dealt":1685,"minecraft:swim_one_cm":28643,"minecraft:fly_one_cm":469226,"minecraft:open_chest":3,"minecraft:crouch_one_cm":1935,"minecraft:play_time":113960,"minecraft:deaths":4,"minecraft:sneak_time":1418,"minecraft:walk_under_water_one_cm":9079,"minecraft:jump":989,"minecraft:walk_on_water_one_cm":7706,"minecraft:total_world_time":113960,"minecraft:fall_one_cm":21580},"minecraft:used":{"minecraft:stone_sword":45,"minecraft:flint_and_steel":2,"minecraft:stone_pickaxe":63,"minecraft:oak_planks":4,"minecraft:axolotl_spawn_egg":1,"minecraft:wooden_pickaxe":7,"minecraft:parrot_spawn_egg":1,"minecraft:cooked_salmon":3,"minecraft:dirt":11,"minecraft:tnt":2,"minecraft:crafting_table":6,"minecraft:obsidian":2,"minecraft:iron_pickaxe":2,"minecraft:pig_spawn_egg":4,"minecraft:iron_helmet":1,"minecraft:stone_axe":27,"minecraft:potion":2,"minecraft:end_crystal":2,"minecraft:oak_sapling":6,"minecraft:furnace":3},"minecraft:crafted":{"minecraft:oak_planks":44,"minecraft:crafting_table":2,"minecraft:wooden_pickaxe":2,"minecraft:iron_helmet":1,"minecraft:furnace":2,"minecraft:cooked_salmon":3,"minecraft:birch_planks":68,"minecraft:stone_axe":2,"minecraft:air":0,"minecraft:stick":20,"minecraft:iron_ingot":8,"minecraft:iron_pickaxe":1,"minecraft:stone_pickaxe":3,"minecraft:stone_sword":2},"minecraft:mined":{"minecraft:oak_sapling":4,"minecraft:crafting_table":5,"minecraft:dark_oak_fence":6,"minecraft:short_grass":9,"minecraft:grass_block":10,"minecraft:cobblestone":1,"minecraft:tall_grass":2,"minecraft:seagrass":1,"minecraft:furnace":2,"minecraft:carrots":5,"minecraft:birch_log":17,"minecraft:iron_ore":12,"minecraft:wheat":6,"minecraft:fire":22,"minecraft:birch_leaves":1,"minecraft:white_wall_banner":1,"minecraft:potatoes":25,"minecraft:oak_log":12,"minecraft:dirt":11,"minecraft:stone":55,"minecraft:oak_leaves":13},"minecraft:dropped":{"minecraft:drowned_spawn_egg":64,"minecraft:tnt":1,"minecraft:obsidian":1,"minecraft:carrot":1,"minecraft:flint_and_steel":1,"minecraft:stick":4,"minecraft:potato":2,"minecraft:milk_bucket":1,"minecraft:oak_sapling":3,"minecraft:potion":1,"minecraft:end_crystal":1},"minecraft:picked_up":{"minecraft:birch_log":17,"minecraft:crafting_table":5,"minecraft:feather":2,"minecraft:ominous_bottle":1,"minecraft:chicken":1,"minecraft:salmon":3,"minecraft:brown_wool":1,"minecraft:leather":6,"minecraft:potato":25,"minecraft:oak_log":11,"minecraft:dirt":20,"minecraft:white_banner":1,"minecraft:wheat_seeds":6,"minecraft:iron_ingot":1,"minecraft:beef":11,"minecraft:wooden_shovel":1,"minecraft:furnace":2,"minecraft:stick":5,"minecraft:raw_iron":12,"minecraft:carrot":6,"minecraft:oak_sapling":10,"minecraft:mutton":5,"minecraft:dark_oak_fence":4,"minecraft:white_wool":2,"minecraft:cobblestone":53}},"DataVersion":3953}