{"stats":{"minecraft:killed":{"minecraft:sheep":1,"minecraft:salmon":4},"minecraft:custom":{"minecraft:time_since_rest":352,"minecraft:interact_with_furnace":2,"minecraft:sprint_one_cm":70730,"minecraft:damage_taken":430,"minecraft:walk_one_cm":33709,"minecraft:mob_kills":5,"minecraft:damage_dealt":290,"minecraft:swim_one_cm":27455,"minecraft:interact_with_crafting_table":7,"minecraft:fly_one_cm":376075,"minecraft:open_chest":1,"minecraft:crouch_one_cm":198,"minecraft:play_time":78334,"minecraft:deaths":3,"minecraft:bell_ring":1,"minecraft:sneak_time":457,"minecraft:walk_under_water_one_cm":5047,"minecraft:jump":588,"minecraft:leave_game":1,"minecraft:time_since_death":36079,"minecraft:walk_on_water_one_cm":6646,"minecraft:sleep_in_bed":1,"minecraft:total_world_time":78334,"minecraft:fall_one_cm":10350},"minecraft:used":{"minecraft:stone_sword":8,"minecraft:stone_pickaxe":33,"minecraft:pig_spawn_egg":4,"minecraft:axolotl_spawn_egg":1,"minecraft:wooden_pickaxe":3,"minecraft:cooked_salmon":2,"minecraft:parrot_spawn_egg":1,"minecraft:stone_axe":1,"minecraft:dirt":6,"minecraft:crafting_table":2,"minecraft:furnace":1},"minecraft:crafted":{"minecraft:crafting_table":1,"minecraft:stick":8,"minecraft:wooden_pickaxe":1,"minecraft:stone_pickaxe":1,"minecraft:stone_sword":1,"minecraft:furnace":1,"minecraft:cooked_salmon":3,"minecraft:birch_planks":48,"minecraft:stone_axe":1,"minecraft:air":0},"minecraft:mined":{"minecraft:seagrass":1,"minecraft:furnace":1,"minecraft:carrots":5,"minecraft:iron_ore":2,"minecraft:birch_log":12,"minecraft:wheat":6,"minecraft:fire":22,"minecraft:crafting_table":2,"minecraft:short_grass":1,"minecraft:potatoes":25,"minecraft:grass_block":8,"minecraft:dirt":10,"minecraft:stone":33,"minecraft:oak_leaves":7},"minecraft:picked_up":{"minecraft:birch_log":12,"minecraft:raw_iron":2,"minecraft:crafting_table":2,"minecraft:salmon":3,"minecraft:potato":24,"minecraft:carrot":5,"minecraft:dirt":18,"minecraft:wheat_seeds":6,"minecraft:oak_sapling":1,"minecraft:mutton":1,"minecraft:white_wool":1,"minecraft:cobblestone":30,"minecraft:furnace":1}},"DataVersion":3953}