{"stats":{"minecraft:killed":{"minecraft:sheep":1,"minecraft:pillager":2,"minecraft:salmon":4,"minecraft:cow":6},"minecraft:custom":{"minecraft:time_since_rest":6748,"minecraft:interact_with_furnace":2,"minecraft:sprint_one_cm":113495,"minecraft:damage_taken":675,"minecraft:walk_one_cm":49855,"minecraft:mob_kills":13,"minecraft:drop":3,"minecraft:damage_dealt":1445,"minecraft:swim_one_cm":28643,"minecraft:interact_with_crafting_table":7,"minecraft:fly_one_cm":404591,"minecraft:open_chest":3,"minecraft:crouch_one_cm":910,"minecraft:play_time":84730,"minecraft:deaths":3,"minecraft:bell_ring":1,"minecraft:sneak_time":644,"minecraft:walk_under_water_one_cm":9079,"minecraft:jump":749,"minecraft:leave_game":2,"minecraft:time_since_death":42475,"minecraft:walk_on_water_one_cm":7706,"minecraft:sleep_in_bed":1,"minecraft:total_world_time":84730,"minecraft:fall_one_cm":15927},"minecraft:used":{"minecraft:stone_sword":40,"minecraft:stone_pickaxe":35,"minecraft:pig_spawn_egg":4,"minecraft:axolotl_spawn_egg":1,"minecraft:wooden_pickaxe":3,"minecraft:cooked_salmon":3,"minecraft:parrot_spawn_egg":1,"minecraft:stone_axe":7,"minecraft:dirt":9,"minecraft:crafting_table":2,"minecraft:furnace":1},"minecraft:crafted":{"minecraft:crafting_table":1,"minecraft:stick":8,"minecraft:wooden_pickaxe":1,"minecraft:stone_pickaxe":1,"minecraft:stone_sword":1,"minecraft:furnace":1,"minecraft:cooked_salmon":3,"minecraft:birch_planks":48,"minecraft:stone_axe":1,"minecraft:air":0},"minecraft:mined":{"minecraft:seagrass":1,"minecraft:furnace":1,"minecraft:carrots":5,"minecraft:iron_ore":3,"minecraft:birch_log":12,"minecraft:wheat":6,"minecraft:fire":22,"minecraft:white_wall_banner":1,"minecraft:crafting_table":2,"minecraft:dark_oak_fence":6,"minecraft:short_grass":7,"minecraft:potatoes":25,"minecraft:grass_block":8,"minecraft:dirt":10,"minecraft:cobblestone":1,"minecraft:tall_grass":2,"minecraft:stone":33,"minecraft:oak_leaves":7},"minecraft:dropped":{"minecraft:potato":2,"minecraft:carrot":1},"minecraft:picked_up":{"minecraft:birch_log":12,"minecraft:raw_iron":3,"minecraft:crafting_table":2,"minecraft:ominous_bottle":1,"minecraft:salmon":3,"minecraft:leather":6,"minecraft:potato":25,"minecraft:carrot":6,"minecraft:white_banner":1,"minecraft:dirt":18,"minecraft:wheat_seeds":6,"minecraft:beef":11,"minecraft:oak_sapling":1,"minecraft:dark_oak_fence":4,"minecraft:mutton":1,"minecraft:white_wool":1,"minecraft:cobblestone":31,"minecraft:furnace":1}},"DataVersion":3953}