{"stats":{"minecraft:custom":{"minecraft:time_since_rest":12182,"minecraft:crouch_one_cm":12,"minecraft:play_time":54334,"minecraft:sprint_one_cm":39134,"minecraft:deaths":3,"minecraft:damage_taken":410,"minecraft:walk_one_cm":14567,"minecraft:sneak_time":211,"minecraft:walk_under_water_one_cm":1998,"minecraft:jump":295,"minecraft:damage_dealt":90,"minecraft:leave_game":1,"minecraft:walk_on_water_one_cm":4657,"minecraft:time_since_death":12079,"minecraft:total_world_time":54334,"minecraft:swim_one_cm":21915,"minecraft:fall_one_cm":7093,"minecraft:fly_one_cm":161804},"minecraft:used":{"minecraft:dirt":5,"minecraft:pig_spawn_egg":4,"minecraft:axolotl_spawn_egg":1,"minecraft:parrot_spawn_egg":1},"minecraft:mined":{"minecraft:grass_block":4,"minecraft:dirt":4,"minecraft:fire":22,"minecraft:oak_leaves":7},"minecraft:picked_up":{"minecraft:oak_sapling":1,"minecraft:dirt":8}},"DataVersion":3953}