{"stats":{"minecraft:mined":{"minecraft:fire":22,"minecraft:grass_block":4,"minecraft:oak_leaves":7,"minecraft:dirt":4},"minecraft:picked_up":{"minecraft:oak_sapling":1,"minecraft:dirt":8},"minecraft:custom":{"minecraft:jump":272,"minecraft:time_since_rest":7558,"minecraft:damage_dealt":80,"minecraft:walk_on_water_one_cm":2708,"minecraft:deaths":1,"minecraft:sprint_one_cm":36582,"minecraft:play_time":10892,"minecraft:damage_taken":410,"minecraft:time_since_death":7439,"minecraft:walk_one_cm":12793,"minecraft:sneak_time":31,"minecraft:total_world_time":10892,"minecraft:walk_under_water_one_cm":444,"minecraft:swim_one_cm":15114,"minecraft:fall_one_cm":7093,"minecraft:fly_one_cm":86075},"minecraft:used":{"minecraft:dirt":5}},"DataVersion":3953}