{"stats":{"minecraft:killed_by":{"minecraft:player":1},"minecraft:custom":{"minecraft:time_since_rest":6505,"minecraft:sprint_one_cm":6909,"minecraft:damage_taken":398,"minecraft:walk_one_cm":37732,"minecraft:drop":2,"minecraft:interact_with_crafting_table":4,"minecraft:swim_one_cm":927,"minecraft:fly_one_cm":20865,"minecraft:crouch_one_cm":999,"minecraft:play_time":19060,"minecraft:deaths":1,"minecraft:sneak_time":707,"minecraft:walk_under_water_one_cm":106,"minecraft:jump":209,"minecraft:walk_on_water_one_cm":1751,"minecraft:time_since_death":6457,"minecraft:total_world_time":19060,"minecraft:fall_one_cm":4934},"minecraft:used":{"minecraft:wooden_axe":37,"minecraft:stone_shovel":104,"minecraft:stone_pickaxe":13,"minecraft:wooden_pickaxe":17,"minecraft:wooden_shovel":11,"minecraft:stone_axe":1,"minecraft:dirt":17,"minecraft:crafting_table":1},"minecraft:mined":{"minecraft:crafting_table":1,"minecraft:grass_block":68,"minecraft:oak_log":30,"minecraft:dirt":56,"minecraft:stone":29,"minecraft:oak_planks":1,"minecraft:oak_leaves":14},"minecraft:crafted":{"minecraft:oak_planks":124,"minecraft:wooden_shovel":1,"minecraft:stone_shovel":1,"minecraft:crafting_table":1,"minecraft:stick":44,"minecraft:wooden_pickaxe":1,"minecraft:stone_pickaxe":1,"minecraft:wooden_axe":1,"minecraft:stone_sword":1,"minecraft:stone_axe":1},"minecraft:dropped":{"minecraft:wooden_axe":1,"minecraft:wooden_pickaxe":1},"minecraft:picked_up":{"minecraft:wooden_axe":1,"minecraft:stick":6,"minecraft:crafting_table":1,"minecraft:oak_log":55,"minecraft:dirt":147,"minecraft:oak_sapling":6,"minecraft:oak_planks":9,"minecraft:cobblestone":27}},"DataVersion":3953}