{"stats":{"minecraft:custom":{"minecraft:jump":123,"minecraft:time_since_rest":7060,"minecraft:walk_on_water_one_cm":1751,"minecraft:sprint_one_cm":5229,"minecraft:play_time":7060,"minecraft:damage_taken":100,"minecraft:time_since_death":7060,"minecraft:walk_one_cm":9674,"minecraft:walk_under_water_one_cm":106,"minecraft:total_world_time":7060,"minecraft:swim_one_cm":927,"minecraft:fall_one_cm":3563,"minecraft:fly_one_cm":11770},"minecraft:crafted":{"minecraft:crafting_table":1,"minecraft:oak_planks":28,"minecraft:stick":24},"minecraft:mined":{"minecraft:grass_block":4,"minecraft:oak_log":7,"minecraft:dirt":3},"minecraft:picked_up":{"minecraft:oak_log":7,"minecraft:dirt":7}},"DataVersion":3953}