{"stats":{"minecraft:killed_by":{"minecraft:player":1},"minecraft:killed":{"minecraft:sheep":4,"minecraft:skeleton":1,"minecraft:pig":1},"minecraft:custom":{"minecraft:time_since_rest":18505,"minecraft:sprint_one_cm":29513,"minecraft:damage_taken":508,"minecraft:walk_one_cm":88852,"minecraft:mob_kills":6,"minecraft:drop":2,"minecraft:damage_dealt":558,"minecraft:interact_with_crafting_table":6,"minecraft:swim_one_cm":927,"minecraft:fly_one_cm":36701,"minecraft:crouch_one_cm":9323,"minecraft:play_time":31060,"minecraft:deaths":1,"minecraft:sneak_time":2140,"minecraft:walk_under_water_one_cm":106,"minecraft:jump":403,"minecraft:walk_on_water_one_cm":1997,"minecraft:time_since_death":18457,"minecraft:total_world_time":31060,"minecraft:fall_one_cm":11128},"minecraft:used":{"minecraft:wooden_axe":37,"minecraft:apple":1,"minecraft:stone_sword":23,"minecraft:stone_shovel":132,"minecraft:stone_pickaxe":15,"minecraft:oak_planks":11,"minecraft:wooden_pickaxe":17,"minecraft:wooden_shovel":11,"minecraft:stone_axe":31,"minecraft:dirt":156,"minecraft:crafting_table":2,"minecraft:oak_sapling":6,"minecraft:furnace":1,"minecraft:porkchop":3},"minecraft:mined":{"minecraft:birch_leaves":4,"minecraft:crafting_table":1,"minecraft:short_grass":1,"minecraft:grass_block":93,"minecraft:oak_log":57,"minecraft:dirt":59,"minecraft:stone":29,"minecraft:oak_planks":1,"minecraft:oak_leaves":23},"minecraft:crafted":{"minecraft:oak_planks":232,"minecraft:wooden_shovel":1,"minecraft:stone_shovel":3,"minecraft:crafting_table":1,"minecraft:stick":44,"minecraft:wooden_pickaxe":1,"minecraft:stone_pickaxe":1,"minecraft:wooden_axe":1,"minecraft:stone_sword":1,"minecraft:furnace":1,"minecraft:stone_axe":1},"minecraft:dropped":{"minecraft:wooden_axe":1,"minecraft:wooden_pickaxe":1},"minecraft:broken":{"minecraft:stone_shovel":1},"minecraft:picked_up":{"minecraft:wooden_axe":1,"minecraft:stick":14,"minecraft:crafting_table":1,"minecraft:porkchop":3,"minecraft:oak_log":82,"minecraft:dirt":175,"minecraft:bone":1,"minecraft:arrow":2,"minecraft:apple":1,"minecraft:oak_sapling":8,"minecraft:mutton":7,"minecraft:birch_sapling":1,"minecraft:oak_planks":9,"minecraft:white_wool":4,"minecraft:cobblestone":27}},"DataVersion":3953}